income,age,experience,married,house_ownership,car_ownership,profession,current_job_years,current_house_years,risk_flag
1303835,23,3,0,0,0,Mechanical_engineer,3,13,0
7574516,40,10,0,0,0,Software_Developer,9,13,0
3991815,66,4,1,0,0,Technical_writer,4,10,0
6256451,41,2,0,0,1,Software_Developer,2,12,1
5768871,47,11,0,0,0,Civil_servant,3,14,1
6915937,64,0,0,0,0,Civil_servant,0,12,0
3954973,58,14,1,0,0,Librarian,8,12,0
1706172,33,2,0,0,0,Eco0mist,2,14,0
7566849,24,17,0,0,1,Flight_attendant,11,11,0
8964846,23,12,0,0,0,Architect,5,13,0
4634682,78,7,0,0,0,Flight_attendant,7,12,0
6623263,22,4,0,0,0,Designer,4,14,0
9120988,28,9,0,0,0,Physician,9,12,0
8043880,57,12,0,0,0,Financial_Analyst,8,10,0
9420838,48,6,0,0,0,Technical_writer,6,10,1
5694236,39,2,1,0,1,Eco0mist,2,10,0
7315839,72,8,1,0,0,Air_traffic_controller,8,14,0
3666346,56,12,0,0,0,Politician,12,11,1
2241112,28,8,0,0,0,Police_officer,6,14,0
5431918,40,1,0,0,0,Artist,1,14,0
9225468,54,14,0,0,0,Surveyor,8,10,0
6506739,50,4,0,0,0,Politician,4,11,0
9157379,72,13,0,0,1,Design_Engineer,9,10,0
9236505,35,19,0,0,0,Chemical_engineer,6,14,0
1065465,23,15,1,0,0,Hotel_Manager,4,12,0
1797876,76,20,0,2,0,Mechanical_engineer,11,14,0
6063428,38,6,1,0,0,Dentist,6,13,0
9643150,24,13,0,0,0,Comedian,6,14,0
8832725,64,5,0,0,0,Biomedical_Engineer,5,11,1
4386333,31,16,0,0,0,Physician,3,12,0
3939397,52,19,0,0,1,Flight_attendant,3,10,0
6944134,59,5,0,1,0,Graphic_Designer,5,11,0
4128828,21,10,0,0,0,Computer_hardware_engineer,10,12,0
5023035,26,10,0,0,1,Petroleum_Engineer,9,13,0
9086933,55,7,0,0,0,Air_traffic_controller,7,13,0
7537675,45,4,0,0,0,Graphic_Designer,4,14,0
9625415,77,15,1,0,0,Secretary,9,10,0
7904011,71,3,0,0,0,Computer_operator,3,11,0
3540135,78,4,0,0,0,Biomedical_Engineer,4,11,0
8739032,55,3,1,0,0,Politician,3,14,0
3217258,23,12,0,0,1,Petroleum_Engineer,8,10,0
2735428,72,20,0,0,0,Surveyor,6,14,0
9760667,63,17,0,0,0,Chartered_Accountant,13,12,1
8390825,30,11,0,0,0,Secretary,7,10,0
9639445,45,9,0,0,0,Technician,9,10,1
6868118,25,16,0,0,0,Secretary,13,13,1
2471915,73,18,0,0,0,Chemical_engineer,14,13,0
8477026,52,10,0,0,0,Design_Engineer,10,10,0
8996641,75,12,0,0,0,Microbiologist,12,13,0
4043791,48,18,0,0,1,Architect,13,14,0
4260004,27,5,0,2,0,Police_officer,5,13,0
3634814,74,4,0,0,0,Fashion_Designer,4,11,0
9518593,71,6,0,0,0,Artist,6,13,0
5990870,74,4,0,0,0,Aviator,4,10,0
1213131,67,8,0,0,0,Psychologist,8,11,0
1885923,46,16,0,0,0,Magistrate,8,14,1
5554586,39,18,0,0,0,Software_Developer,13,13,1
6555332,56,20,0,1,0,Magistrate,4,10,0
9861298,59,16,0,0,0,Technical_writer,9,11,1
9311486,68,9,0,0,0,Lawyer,9,12,0
9440590,68,11,0,0,0,Dentist,10,13,0
8773158,58,18,0,0,1,Firefighter,5,13,1
9724250,67,17,0,0,1,Dentist,3,13,0
1729774,28,6,1,0,1,Technical_writer,5,10,0
6178223,46,19,0,1,1,Architect,11,13,0
9822116,27,12,0,0,0,Artist,12,13,0
4334000,36,4,0,0,0,Politician,4,11,0
9576258,79,18,0,0,1,Air_traffic_controller,6,11,0
8788135,77,7,1,0,0,Petroleum_Engineer,7,11,0
7002610,56,4,0,0,0,Police_officer,4,12,0
5605985,57,12,0,0,0,Engineer,3,11,0
3208322,55,18,0,0,0,Air_traffic_controller,8,12,0
2408148,59,10,0,0,0,Architect,7,11,0
9585696,42,13,0,0,1,Official,3,12,0
2116007,24,5,0,0,1,Analyst,5,13,1
3798306,42,11,0,0,1,Geologist,11,14,0
2966907,30,6,1,0,1,Magistrate,5,12,0
4994848,58,9,0,0,0,Software_Developer,9,13,0
326455,27,20,0,0,0,Drafter,3,14,0
6227811,60,14,0,1,0,Eco0mist,12,12,0
7839236,68,7,0,0,0,Biomedical_Engineer,7,14,1
6115704,57,17,0,1,0,Eco0mist,12,14,1
7433875,32,12,0,0,1,Fashion_Designer,11,10,1
6245331,65,6,0,0,0,Financial_Analyst,6,12,0
4700701,48,14,0,0,1,Secretary,12,12,0
5898669,32,9,1,0,0,Firefighter,6,13,0
4329713,42,9,1,0,0,Fashion_Designer,6,14,0
4047079,49,7,0,0,1,Dentist,5,14,0
9784947,24,11,0,0,0,Designer,11,14,0
6097344,27,16,0,0,1,Statistician,10,14,0
826681,78,4,1,0,1,Analyst,4,14,0
137594,52,10,0,0,1,Technical_writer,7,10,1
575463,60,12,0,0,1,Firefighter,11,13,0
8005608,65,8,0,0,0,Civil_servant,8,12,1
7527288,24,10,0,0,0,Biomedical_Engineer,5,11,0
7021605,31,14,0,0,0,Technician,8,10,0
3449511,50,19,0,0,1,Computer_hardware_engineer,3,14,0
3472864,39,10,0,0,1,Software_Developer,5,13,0
5083653,35,14,0,0,1,Statistician,12,11,0
6275695,66,10,0,0,0,Architect,10,11,1
4336059,54,12,0,0,1,Firefighter,12,13,0
4976661,22,9,0,0,0,Architect,8,12,0
4417164,42,12,0,0,0,Web_designer,8,14,0
9334042,52,10,0,0,1,Eco0mist,5,11,0
535157,50,2,1,0,0,Engineer,2,10,0
4126991,66,3,0,0,0,Microbiologist,3,12,0
5165629,61,0,0,0,0,Aviator,0,12,1
1240330,29,18,1,0,1,Consultant,12,14,0
862841,77,7,0,0,0,Fashion_Designer,7,14,0
6501716,37,5,0,0,0,Civil_servant,5,13,0
1197375,41,0,0,0,1,Microbiologist,0,11,0
7430695,59,8,0,0,0,Chef,8,10,0
4726819,67,5,0,0,0,Consultant,5,13,0
1319541,72,10,1,0,0,Politician,10,14,0
1281960,24,8,0,0,0,Politician,8,13,0
5522159,22,6,0,0,0,Computer_hardware_engineer,6,12,1
4428363,46,11,0,0,0,Software_Developer,11,10,1
4759451,60,4,1,0,0,Official,4,13,0
7154493,28,4,0,0,0,Engineer,4,13,1
245844,67,4,1,0,0,Eco0mist,3,11,0
8769550,23,13,0,0,0,Computer_hardware_engineer,9,10,1
8312895,35,12,0,0,0,Psychologist,11,14,0
4432483,69,6,0,0,0,Hotel_Manager,6,10,0
9867887,79,9,0,0,0,Physician,4,12,0
444242,77,11,1,0,0,Dentist,8,12,0
8288147,32,20,0,0,0,Financial_Analyst,3,13,0
3159260,62,4,0,0,0,Petroleum_Engineer,4,10,0
8753042,74,12,1,0,0,Computer_operator,9,12,0
46750,33,13,0,0,1,Chef,10,11,1
1855377,26,3,0,0,0,Magistrate,3,13,0
7187813,47,2,0,0,0,Flight_attendant,2,13,1
5644262,60,7,0,0,0,Engineer,3,11,1
4171960,73,16,0,0,0,Magistrate,10,10,0
9397962,58,3,1,0,0,Psychologist,3,14,0
3643187,77,20,0,0,0,Web_designer,12,14,0
2015341,47,6,0,0,0,Graphic_Designer,6,13,0
7465121,37,2,0,0,1,Microbiologist,2,12,0
3606323,33,0,0,0,1,Mechanical_engineer,0,11,0
2966871,78,7,1,0,0,Magistrate,3,11,0
8496659,59,12,0,0,0,Army_officer,8,12,0
7889777,35,15,0,0,0,Physician,13,10,0
3345583,32,2,0,0,0,Mechanical_engineer,2,14,0
4392927,41,2,0,0,0,Chemical_engineer,2,13,1
4995211,68,9,0,0,0,Firefighter,9,11,0
3970273,53,14,0,0,0,Air_traffic_controller,4,12,0
2570688,46,9,0,0,0,Firefighter,9,11,0
2506726,54,11,0,0,0,Designer,6,14,0
9657655,76,0,0,0,0,Psychologist,0,12,0
4269729,70,8,0,0,1,Fashion_Designer,8,13,0
799233,72,4,0,0,1,Hotel_Manager,4,14,0
8791091,33,15,0,0,0,Microbiologist,12,14,0
1122270,72,11,0,0,0,Librarian,5,12,0
3775604,46,11,0,0,0,Surgeon,5,11,1
8195887,79,16,0,0,0,Chef,14,13,1
4392149,59,11,0,0,0,Secretary,10,13,0
4991059,39,11,0,0,0,Magistrate,11,14,0
1013313,32,16,0,0,0,Geologist,10,12,0
1800877,21,10,1,0,1,Software_Developer,5,13,0
2217063,34,3,0,0,0,Computer_hardware_engineer,3,11,0
1134496,77,3,0,0,0,Surgeon,3,10,1
7462623,46,13,0,0,0,Fashion_Designer,10,14,0
6045182,78,6,0,0,0,Designer,6,12,0
6847133,69,7,0,0,0,Surgeon,6,10,0
5403886,29,14,0,0,0,Scientist,7,10,0
1856689,46,5,0,0,1,Air_traffic_controller,5,12,1
4998898,27,13,0,0,0,Eco0mist,13,11,0
3367218,28,5,0,0,0,Analyst,4,11,0
4195266,40,20,1,0,0,Web_designer,14,14,0
8451099,70,4,0,0,1,Design_Engineer,4,13,1
624985,47,11,0,0,0,Software_Developer,6,11,1
3207222,28,3,0,0,1,Dentist,3,10,0
4341286,75,1,0,0,0,Consultant,1,13,0
233888,64,1,0,0,0,Psychologist,1,10,1
2942291,50,11,0,1,0,Financial_Analyst,4,11,0
6044767,60,12,0,0,1,Engineer,10,13,0
6694786,69,17,0,2,0,Surveyor,11,11,1
470555,50,10,0,1,0,Secretary,3,14,0
8949796,66,0,0,0,1,Petroleum_Engineer,0,12,0
412015,23,8,0,0,0,Technical_writer,4,10,0
9352887,53,6,0,0,1,Technical_writer,6,11,1
9226716,55,3,0,0,0,Graphic_Designer,3,11,0
9364159,77,6,1,0,0,Software_Developer,4,11,0
9934516,66,6,0,0,1,Hotel_Manager,6,14,0
884898,48,8,0,0,1,Artist,8,10,0
5681211,79,18,0,0,0,Web_designer,8,10,0
1185014,23,5,0,0,0,Magistrate,5,13,0
9603186,43,5,0,0,0,Microbiologist,5,13,1
3489049,66,11,0,0,0,Software_Developer,11,12,1
5653642,42,3,0,0,0,Civil_engineer,3,11,1
9899664,45,5,0,0,0,Software_Developer,5,10,0
6862187,22,7,0,0,0,Scientist,7,12,1
979926,61,14,0,0,1,Police_officer,7,11,1
424671,64,15,0,0,1,Firefighter,4,11,0
347930,64,5,0,0,0,Politician,5,12,0
8645202,65,9,0,1,0,Technician,9,13,0
2028733,38,4,0,0,1,Architect,4,11,0
7977722,69,19,1,0,0,Flight_attendant,14,12,0
6816106,31,20,0,0,1,Statistician,11,14,0
4853948,39,10,0,0,0,Magistrate,10,10,0
227394,56,12,0,0,0,Firefighter,5,14,0
5330432,47,2,0,0,1,Chemical_engineer,2,10,0
9830639,70,16,0,0,0,Army_officer,5,11,0
4184636,55,2,0,0,1,Official,2,10,0
2667227,76,6,0,0,0,Official,6,14,0
4736350,38,13,0,0,0,Microbiologist,6,13,1
5886958,60,16,0,0,0,Analyst,3,10,0
9845816,31,20,0,0,0,Lawyer,14,11,0
7512179,55,13,0,0,0,Physician,11,14,0
2603179,39,20,0,0,1,Politician,13,11,0
9317473,63,20,0,0,1,Civil_servant,14,14,0
5616245,76,20,0,0,1,Surveyor,13,13,0
4110754,36,4,0,0,0,Petroleum_Engineer,4,13,0
6305461,41,11,0,0,1,Air_traffic_controller,7,14,1
7552268,38,6,0,0,0,Civil_engineer,5,10,1
4334503,22,6,0,1,0,Designer,6,14,0
1328487,67,12,1,0,0,Flight_attendant,7,10,0
152426,27,18,0,0,0,Librarian,8,12,0
7992060,44,15,0,0,0,Fashion_Designer,4,11,0
7357515,50,13,0,0,1,Fashion_Designer,7,14,0
7115862,52,17,0,0,0,Physician,14,11,0
1532701,79,2,0,0,0,Graphic_Designer,2,12,0
4421612,79,20,0,0,0,Firefighter,8,11,0
9521305,77,9,0,0,0,Consultant,9,13,0
2433481,48,0,0,2,1,Biomedical_Engineer,0,14,0
6668221,66,20,0,0,0,Industrial_Engineer,11,11,1
5109740,39,6,0,0,0,Flight_attendant,6,14,1
3902265,26,5,0,0,0,Computer_hardware_engineer,3,14,0
8602683,46,1,1,0,0,Web_designer,1,10,0
7636933,44,4,0,0,1,Consultant,4,14,0
665309,69,11,0,0,0,Hotel_Manager,11,11,0
9812058,72,1,0,0,1,Eco0mist,1,14,0
9999180,22,0,0,0,0,Drafter,0,11,0
1126863,43,1,0,0,0,Mechanical_engineer,1,11,0
8774556,63,2,0,0,0,Flight_attendant,2,12,0
1882143,45,19,0,0,1,Magistrate,4,14,1
7167762,49,14,0,0,0,Firefighter,12,14,1
7743419,71,15,0,0,0,Scientist,14,14,1
3562528,58,9,0,0,0,Microbiologist,9,11,0
5323322,77,13,0,0,0,Civil_engineer,13,10,0
5596467,26,17,0,0,0,Mechanical_engineer,4,13,0
9305585,69,8,0,0,0,Official,8,10,1
4539480,46,3,0,0,1,Fashion_Designer,3,11,0
9480069,64,2,0,0,0,Chartered_Accountant,2,10,0
9772105,29,12,0,0,0,Aviator,8,14,0
9507533,32,4,1,0,0,Lawyer,4,11,0
2218280,34,9,0,0,0,Psychologist,9,11,0
2252443,77,0,0,0,0,Surgeon,0,11,0
4525338,23,1,0,0,0,Graphic_Designer,1,12,0
9984878,51,18,0,0,1,Comedian,8,12,0
2285062,38,2,0,0,0,Dentist,2,12,0
6715263,29,0,0,0,0,Surveyor,0,11,1
2959223,43,2,0,0,0,Analyst,2,12,0
2370396,69,4,1,0,0,Comedian,4,10,0
3426695,73,4,0,0,0,Firefighter,4,14,0
1923950,50,12,0,0,0,Geologist,3,14,0
2416807,70,10,0,0,0,Firefighter,4,12,0
10310,70,20,0,0,1,Engineer,7,14,0
2436026,50,4,0,0,1,Lawyer,4,10,0
5046084,62,7,1,0,1,Technician,6,14,0
6415225,54,13,0,0,0,Flight_attendant,3,13,0
1632386,43,20,0,0,0,Army_officer,11,14,1
6220011,57,19,0,1,0,Engineer,14,14,0
461499,68,2,1,0,0,Official,2,11,0
7579274,26,8,0,0,0,Army_officer,5,14,0
7291839,41,1,0,0,1,Surgeon,1,12,1
7583437,74,13,0,1,1,Web_designer,9,13,0
9933885,65,12,0,0,0,Comedian,4,11,0
4187964,78,2,0,0,1,Dentist,2,10,1
5498131,61,15,0,0,0,Industrial_Engineer,7,13,0
3308198,76,10,0,0,1,Eco0mist,4,14,0
2452563,75,3,0,0,0,Hotel_Manager,3,12,0
7877007,49,9,0,0,0,Microbiologist,9,10,0
7525294,43,11,0,0,1,Magistrate,4,14,0
2062343,40,15,1,0,1,Aviator,14,11,0
6152756,49,3,1,0,0,Psychologist,3,14,0
6325118,21,13,0,0,0,Librarian,11,12,1
9043312,71,10,0,1,0,Physician,3,14,0
9344382,38,14,0,0,1,Secretary,12,14,0
9173731,47,3,0,0,0,Petroleum_Engineer,3,12,0
1996629,48,16,0,0,0,Comedian,9,14,0
2451457,31,9,1,0,0,Politician,9,12,0
4855342,24,0,0,0,0,Lawyer,0,13,0
2955958,35,17,0,0,1,Computer_operator,7,11,1
6360265,31,18,0,0,0,Scientist,3,11,0
2183371,23,20,0,1,0,Police_officer,3,13,0
4718273,25,10,0,0,0,Lawyer,8,10,0
8459716,79,1,0,0,0,Graphic_Designer,1,14,0
2101952,46,18,0,0,1,Technical_writer,7,14,0
4531094,41,6,0,0,0,Magistrate,6,13,0
7362151,65,4,0,0,0,Magistrate,3,11,0
6272411,69,2,1,0,0,Aviator,2,10,0
7110369,35,7,0,0,1,Computer_hardware_engineer,3,11,0
7352225,78,14,1,0,0,Firefighter,6,14,0
2442178,34,15,1,0,0,Air_traffic_controller,10,13,0
6975092,73,9,0,0,0,Architect,9,13,0
6947233,62,10,0,0,0,Technical_writer,10,12,0
1818927,69,8,0,0,0,Technical_writer,8,13,0
6197730,71,3,0,0,0,Dentist,3,13,0
568591,65,5,0,0,0,Firefighter,5,11,0
7167873,61,0,0,0,1,Designer,0,11,1
2277429,42,18,0,0,0,Analyst,4,14,0
5697835,55,14,0,1,0,Designer,6,14,0
9127290,22,11,0,0,0,Web_designer,3,14,1
8433425,63,13,1,0,0,Graphic_Designer,6,10,0
5419964,40,4,0,1,1,Computer_operator,4,13,0
9510775,48,3,0,0,0,Petroleum_Engineer,3,14,0
908803,22,18,0,0,0,Librarian,3,14,0
8010013,45,11,0,0,0,Technical_writer,7,14,0
5468664,30,2,0,0,0,Chartered_Accountant,2,14,1
6936269,46,9,0,0,0,Firefighter,8,14,0
6448514,30,6,0,0,0,Magistrate,6,10,0
667848,58,10,0,0,0,Comedian,8,12,0
6787542,22,0,0,2,0,Hotel_Manager,0,12,1
9348360,48,12,0,0,1,Financial_Analyst,12,10,0
4543268,32,17,0,0,0,Flight_attendant,3,13,0
8143086,22,3,0,0,0,Flight_attendant,3,11,1
5714288,44,0,0,0,0,Chartered_Accountant,0,14,0
4110066,43,0,0,0,0,Designer,0,12,0
6668606,45,2,0,0,0,Designer,2,10,0
2696703,57,14,0,0,0,Chef,14,12,0
8573668,57,15,0,0,1,Lawyer,13,13,1
7086647,24,4,1,0,0,Engineer,4,14,0
3342757,21,18,0,0,0,Surgeon,9,14,0
2663598,63,15,0,0,0,Software_Developer,11,12,0
1680177,33,18,0,1,0,Industrial_Engineer,6,11,1
854917,34,0,0,0,0,Architect,0,13,0
2485396,26,6,0,0,0,Statistician,6,14,0
3261742,36,11,0,0,0,Consultant,4,10,0
6518572,76,17,0,1,1,Tech0logy_specialist,14,12,0
4706227,76,6,0,0,1,Technical_writer,6,14,0
2429683,43,20,0,0,0,Financial_Analyst,14,11,1
7020077,63,9,0,0,0,Mechanical_engineer,9,13,1
9815414,26,5,0,0,0,Chartered_Accountant,5,14,1
2055989,25,18,0,0,0,Scientist,3,10,0
8593443,49,12,0,0,0,Chef,9,14,0
67428,49,12,0,0,0,Scientist,10,11,0
4356905,62,2,0,2,1,Scientist,2,13,0
4496096,55,17,0,0,1,Librarian,13,13,1
3419204,79,18,0,1,0,Geologist,3,12,0
4445947,53,17,0,0,0,Tech0logy_specialist,4,14,1
2542814,55,10,0,0,0,Consultant,8,11,0
1670303,35,13,1,0,0,Analyst,5,14,0
661573,42,20,0,0,1,Analyst,14,12,0
8867807,63,0,0,0,1,Scientist,0,11,0
2132506,79,11,0,1,0,Financial_Analyst,11,13,0
8739174,28,5,0,0,0,Secretary,5,12,0
2432816,37,4,0,0,0,Graphic_Designer,4,12,0
9446738,55,2,0,0,0,Design_Engineer,2,10,0
3148837,37,17,0,0,1,Psychologist,13,13,0
8378891,40,10,0,0,0,Chemical_engineer,9,12,0
7660598,72,11,0,0,0,Biomedical_Engineer,11,13,1
5331462,57,20,0,0,1,Artist,8,14,0
4958467,76,2,0,0,1,Secretary,2,11,0
1576088,37,13,0,0,1,Chef,7,12,1
7867670,60,19,0,0,0,Biomedical_Engineer,12,13,0
5531708,43,9,0,0,1,Technician,3,13,0
8776228,37,15,0,0,1,Magistrate,14,11,1
7702379,76,6,0,0,0,Biomedical_Engineer,6,10,0
3722050,73,12,0,0,0,Mechanical_engineer,11,13,0
9910903,26,15,0,0,1,Consultant,3,11,0
6985683,77,13,0,0,0,Physician,4,12,0
6952653,40,6,0,0,0,Fashion_Designer,6,14,0
3991574,62,20,0,0,0,Technical_writer,7,10,0
7995914,71,0,0,0,0,Petroleum_Engineer,0,10,0
6785181,32,11,0,0,0,Drafter,11,11,1
7455976,69,5,0,0,1,Fashion_Designer,5,13,0
6190329,21,13,0,0,0,Geologist,13,11,0
1672431,45,8,0,0,0,Drafter,8,14,0
7339398,55,11,0,0,0,Dentist,10,11,0
4523349,28,2,0,0,1,Technical_writer,2,12,0
8262466,46,4,0,0,0,Chemical_engineer,4,13,0
5273396,30,13,0,0,0,Physician,4,11,0
780090,55,9,0,2,0,Surveyor,9,14,1
3128681,59,4,0,1,0,Drafter,4,12,0
3589662,42,18,0,0,1,Technical_writer,13,13,0
6121261,23,15,0,0,0,Civil_servant,5,14,0
5817501,61,2,0,2,0,Hotel_Manager,2,10,0
9282569,77,10,0,0,1,Drafter,10,14,0
4510338,53,17,0,0,0,Biomedical_Engineer,5,10,1
3498735,38,3,0,0,1,Technician,3,14,0
8802134,69,5,0,0,1,Politician,5,10,0
4594450,79,14,0,0,0,Microbiologist,14,11,0
2703840,48,17,0,2,0,Computer_operator,5,14,0
4804358,79,19,0,0,0,Statistician,13,14,0
3983388,51,16,0,0,0,Technical_writer,5,14,0
4406911,45,3,0,0,1,Psychologist,3,14,0
6402349,68,7,0,0,0,Tech0logy_specialist,7,10,0
7922894,22,9,0,0,1,Computer_operator,8,11,0
1853560,73,8,0,0,0,Drafter,8,11,0
8693161,53,5,1,0,1,Industrial_Engineer,3,10,0
3171323,21,17,0,0,0,Industrial_Engineer,5,12,0
2704782,79,6,0,0,0,Artist,6,14,0
8190070,61,9,0,0,1,Mechanical_engineer,3,12,0
4131397,33,17,0,0,1,Lawyer,13,12,0
5881185,47,4,0,0,0,Microbiologist,4,13,0
321358,78,17,0,0,0,Dentist,9,13,1
1625328,49,19,0,0,1,Firefighter,9,12,0
2653315,76,8,1,0,0,Secretary,8,12,0
8698268,46,19,0,0,1,Computer_operator,6,12,1
7497401,79,15,0,0,1,Comedian,4,10,0
9454655,35,7,0,0,0,Magistrate,7,14,0
681770,28,5,0,0,1,Computer_operator,5,14,0
8927753,25,17,0,0,1,Comedian,13,13,1
6246061,59,6,0,0,0,Artist,5,11,0
4074914,40,16,1,0,1,Police_officer,9,14,0
4273001,62,14,0,2,1,Politician,14,14,1
1904060,72,8,0,0,0,Computer_operator,8,14,0
4788890,62,5,1,0,0,Police_officer,5,12,0
5808564,65,16,1,2,0,Fashion_Designer,14,10,0
1509327,51,0,1,0,1,Biomedical_Engineer,0,11,0
8944435,51,2,0,0,0,Mechanical_engineer,2,11,0
527900,61,9,0,0,1,Eco0mist,9,10,1
2530244,47,1,0,0,0,Designer,1,13,0
7914034,23,2,0,0,0,Chef,2,10,1
8160444,30,19,0,0,0,Aviator,10,12,0
8500708,28,3,0,0,0,Statistician,3,12,0
1850597,55,12,0,2,0,Consultant,12,10,0
9516861,67,0,0,0,0,Engineer,0,13,0
9800971,62,14,0,0,0,Aviator,3,13,0
9049657,25,12,0,0,0,Geologist,12,12,0
8510110,49,15,0,0,0,Statistician,13,14,0
8230848,34,3,0,0,0,Official,3,14,0
5615027,23,14,0,0,1,Civil_engineer,14,14,0
3460548,36,13,0,0,0,Web_designer,5,13,0
7847940,64,16,0,0,1,Computer_operator,10,11,1
2901323,56,2,1,0,1,Chartered_Accountant,2,10,0
6722440,47,7,0,0,0,Graphic_Designer,7,11,1
2259654,42,2,0,0,0,Mechanical_engineer,2,10,1
7667495,24,3,1,0,0,Petroleum_Engineer,3,14,0
3890518,64,19,0,0,0,Scientist,12,10,0
4436534,52,1,0,0,0,Technical_writer,1,14,0
4888019,73,14,0,0,0,Army_officer,11,10,0
6588340,29,3,0,0,0,Architect,3,11,0
9241363,62,18,0,0,1,Computer_operator,5,11,1
7592145,68,20,0,0,1,Industrial_Engineer,4,10,0
8491491,61,20,0,0,0,Comedian,8,11,0
368667,48,2,1,0,0,Computer_operator,2,13,0
7779633,57,10,0,0,0,Analyst,10,13,0
9078403,25,18,1,0,0,Official,9,12,0
2562525,54,8,0,0,1,Software_Developer,8,11,0
8914067,77,18,0,0,1,Eco0mist,10,11,0
842278,30,18,0,0,1,Physician,3,14,0
2336237,66,6,0,0,0,Financial_Analyst,4,10,0
2808095,24,11,1,0,0,Industrial_Engineer,6,14,0
9434706,30,9,0,0,0,Secretary,9,13,0
8633347,27,4,0,0,0,Microbiologist,4,14,0
8458367,79,1,0,0,0,Aviator,1,10,0
8273187,69,0,0,0,0,Artist,0,14,0
842194,27,16,0,0,0,Engineer,10,11,0
630441,37,4,0,0,0,Secretary,4,11,0
7891663,64,6,0,0,0,Politician,6,10,0
7894460,25,5,0,1,0,Secretary,5,10,0
4846957,75,2,0,0,1,Psychologist,2,10,0
3272246,72,7,0,0,1,Surveyor,7,14,0
649902,54,15,0,0,0,Technician,8,11,1
9186273,50,20,0,0,0,Microbiologist,10,14,0
8576968,35,18,0,0,0,Drafter,5,12,0
5492355,28,2,0,0,1,Hotel_Manager,2,11,0
9215066,69,11,0,0,0,Magistrate,11,10,1
4432283,61,5,0,0,0,Lawyer,5,10,1
7467167,57,6,0,0,0,Eco0mist,6,11,0
4147754,21,18,0,0,0,Police_officer,8,12,0
7124175,44,15,0,0,1,Chemical_engineer,7,10,1
1964155,51,13,0,0,0,Physician,7,10,0
7591621,41,6,0,1,0,Artist,3,14,1
3595993,49,6,0,0,0,Civil_engineer,6,14,0
5867167,60,14,1,0,0,Lawyer,6,12,0
9254833,63,13,0,0,1,Fashion_Designer,10,10,0
4371590,66,19,0,0,1,Flight_attendant,3,12,0
549476,47,1,0,0,0,Fashion_Designer,1,10,1
5628436,48,13,0,0,0,Computer_hardware_engineer,10,10,1
8893842,74,17,0,0,1,Dentist,9,14,0
223993,54,7,0,0,0,Physician,7,11,1
7469378,62,0,0,0,1,Financial_Analyst,0,10,0
1462402,48,4,0,0,0,Engineer,4,11,0
6453233,68,13,0,0,0,Drafter,13,14,0
9304920,44,6,0,0,0,Physician,6,11,0
5445375,52,19,0,0,0,Psychologist,5,12,0
706809,71,3,0,0,0,Librarian,3,13,1
5169846,54,13,0,0,0,Magistrate,5,10,0
4614035,42,15,0,0,0,Flight_attendant,13,14,0
126261,69,6,0,0,0,Politician,4,11,0
4149976,35,15,1,1,0,Drafter,10,12,0
133954,27,15,0,0,0,Software_Developer,11,13,0
4824858,58,15,0,0,0,Hotel_Manager,8,11,1
6118570,53,14,1,0,0,Tech0logy_specialist,14,13,0
5603227,62,9,0,0,0,Politician,4,12,0
3638802,76,5,1,2,1,Civil_servant,5,10,0
9468291,32,0,0,0,0,Geologist,0,12,0
3985432,47,13,0,0,0,Technician,4,12,0
4493999,57,0,0,0,0,Technician,0,14,0
7884489,25,14,0,0,0,Graphic_Designer,9,13,0
2717090,71,2,0,2,1,Surgeon,2,10,0
2192899,45,12,0,0,0,Drafter,6,10,0
1988524,50,6,0,0,0,Surveyor,6,13,1
8644938,26,11,1,0,0,Architect,9,10,0
4070923,23,6,0,0,1,Eco0mist,6,11,0
1966474,26,16,0,0,1,Biomedical_Engineer,4,10,1
3215432,37,6,0,0,1,Consultant,6,12,0
28561,63,13,0,0,1,Scientist,13,12,0
8145890,48,5,0,0,1,Software_Developer,5,11,0
3516704,54,17,0,0,0,Air_traffic_controller,13,10,0
1609239,47,3,0,0,0,Flight_attendant,3,14,0
5714975,41,10,0,0,1,Petroleum_Engineer,10,14,0
2207248,49,19,0,0,1,Design_Engineer,3,12,0
3426767,67,1,0,0,0,Microbiologist,1,12,0
3330944,52,7,0,2,0,Biomedical_Engineer,7,10,0
976533,48,2,0,0,0,Statistician,2,10,1
714898,54,9,0,0,1,Fashion_Designer,9,12,0
3177996,28,1,0,0,0,Comedian,1,12,0
9215889,37,15,0,0,0,Flight_attendant,9,13,0
5736165,57,1,0,0,0,Engineer,1,10,0
1578598,50,11,0,0,0,Software_Developer,11,11,1
1604428,66,20,0,0,0,Physician,12,14,1
6834599,69,12,1,0,0,Computer_operator,12,10,0
414060,64,16,0,2,0,Financial_Analyst,14,11,1
2889903,27,0,0,0,0,Flight_attendant,0,12,0
3958023,39,19,0,0,0,Chef,5,11,0
1598789,60,14,0,0,0,Chartered_Accountant,5,13,0
2407726,75,16,0,0,1,Technical_writer,5,12,0
3643303,79,0,0,0,0,Eco0mist,0,12,0
220528,72,18,1,0,0,Tech0logy_specialist,4,12,0
8079960,53,2,0,0,0,Army_officer,2,10,1
9126131,29,18,0,0,0,Hotel_Manager,9,12,0
7840891,54,9,1,0,1,Civil_engineer,6,14,0
163900,61,7,0,0,0,Eco0mist,5,14,0
5269140,26,9,0,0,0,Graphic_Designer,3,13,0
5915580,68,20,0,0,0,Hotel_Manager,7,10,1
1700810,79,1,0,0,0,Financial_Analyst,1,12,0
7533473,70,12,0,2,1,Software_Developer,4,14,0
3508614,32,11,0,0,0,Eco0mist,8,13,0
2740172,72,16,0,0,0,Engineer,10,13,0
7503211,57,6,0,0,0,Geologist,6,10,0
4912024,63,20,0,0,1,Consultant,4,14,0
8370021,40,5,0,0,0,Technical_writer,5,14,0
1171901,57,10,0,2,1,Financial_Analyst,9,12,0
5484464,58,2,0,0,1,Technical_writer,2,12,0
2902285,77,19,0,0,0,Graphic_Designer,11,10,1
2799879,44,0,0,0,0,Microbiologist,0,11,0
1322234,31,1,0,0,1,Official,1,14,0
121035,71,12,0,0,0,Police_officer,11,13,0
4915233,76,5,0,0,0,Designer,3,11,0
5397462,39,12,0,0,1,Fashion_Designer,12,13,0
4939664,61,14,1,0,1,Financial_Analyst,4,12,0
7563306,55,15,0,0,0,Technician,12,12,1
9368529,59,7,0,0,0,Designer,7,10,1
16045,56,5,0,2,0,Technician,5,10,0
1026972,64,1,0,0,0,Surveyor,1,13,0
5897750,76,14,0,0,0,Chef,5,11,0
5623318,31,13,0,0,1,Fashion_Designer,13,11,0
8900631,47,6,0,0,0,Fashion_Designer,6,12,0
1139981,60,12,0,0,0,Civil_engineer,12,12,1
1902583,21,2,0,0,0,Lawyer,2,11,0
6814983,51,18,0,0,0,Software_Developer,14,11,0
340075,45,0,0,0,0,Industrial_Engineer,0,13,1
8837967,35,14,0,0,1,Eco0mist,10,14,0
4796189,51,16,0,0,0,Fashion_Designer,12,12,0
9148621,43,9,0,0,0,Police_officer,3,12,0
2324042,45,16,0,0,0,Drafter,13,13,0
1066119,69,16,0,0,1,Technician,12,11,1
6298839,34,19,1,0,1,Petroleum_Engineer,5,13,0
6509681,30,10,0,0,1,Industrial_Engineer,10,10,0
3859838,62,13,0,0,1,Graphic_Designer,7,13,0
2940425,77,16,0,0,1,Drafter,7,10,1
2122622,59,8,0,0,0,Chemical_engineer,8,14,0
6963246,35,16,0,0,0,Industrial_Engineer,14,12,1
7932482,34,11,0,0,0,Air_traffic_controller,11,14,0
5965932,74,3,0,0,0,Army_officer,3,13,1
1000979,41,19,0,0,1,Physician,5,13,0
4792641,40,15,0,0,1,Software_Developer,13,10,0
6120219,25,8,0,0,0,Software_Developer,3,13,1
2926477,78,19,0,0,0,Physician,3,10,1
6800688,78,5,0,0,0,Graphic_Designer,5,14,1
1551179,24,19,0,0,0,Drafter,9,14,0
9756211,45,8,0,0,1,Politician,8,10,1
9976498,69,12,0,0,0,Drafter,12,10,0
9407809,66,3,0,0,0,Army_officer,3,13,1
6002096,32,14,0,0,0,Secretary,3,13,1
9272937,75,18,0,0,1,Tech0logy_specialist,7,13,0
4145727,27,11,0,0,0,Fashion_Designer,6,12,1
7993188,66,6,0,2,0,Civil_servant,6,10,0
4272756,29,6,0,0,0,Surveyor,6,13,0
294610,49,16,0,0,0,Computer_hardware_engineer,6,13,0
6201762,46,1,0,0,0,Lawyer,1,10,1
6602095,62,15,0,0,0,Surveyor,8,14,0
9222108,78,9,0,0,0,Biomedical_Engineer,9,12,0
4510519,73,3,0,1,1,Magistrate,3,10,1
2608473,77,20,0,0,0,Dentist,6,13,0
5321383,40,2,0,0,0,Aviator,2,13,0
2318528,33,8,0,0,0,Software_Developer,8,11,0
3372296,26,10,1,0,0,Magistrate,10,12,0
1441334,77,20,0,0,0,Engineer,12,12,0
5663627,29,0,1,0,1,Chef,0,14,0
5707558,57,9,0,0,0,Eco0mist,9,10,0
5335142,79,4,0,0,1,Consultant,4,13,0
6104309,30,3,0,0,0,Librarian,3,12,0
2265601,72,16,0,0,0,Comedian,5,12,0
5885687,39,20,0,0,0,Computer_hardware_engineer,3,13,0
8056757,42,18,0,0,0,Official,3,13,0
1306929,66,14,0,0,0,Engineer,11,10,0
8600643,48,17,0,1,0,Surveyor,6,13,0
7184863,49,19,0,0,0,Flight_attendant,7,13,0
4449069,36,17,0,1,1,Magistrate,7,11,0
2737514,58,14,0,0,0,Technician,13,10,0
4370986,31,9,0,0,0,Engineer,4,12,0
8692016,22,10,0,0,1,Graphic_Designer,8,13,0
9908353,68,3,0,0,1,Librarian,3,13,0
4143099,21,3,0,0,0,Tech0logy_specialist,3,11,0
358155,26,3,0,0,0,Chef,3,14,0
1097615,59,15,1,0,0,Technician,5,14,0
7098940,60,5,0,0,1,Librarian,5,11,0
346205,68,14,0,0,0,Police_officer,6,13,0
2889220,34,18,0,0,1,Financial_Analyst,13,14,0
1040029,46,5,0,0,1,Software_Developer,5,10,0
150879,77,0,0,2,1,Lawyer,0,12,0
9658695,74,19,0,0,0,Fashion_Designer,8,11,0
893955,28,8,1,0,0,Geologist,3,14,0
8755938,42,20,0,0,1,Biomedical_Engineer,14,13,1
6471065,68,10,0,1,1,Hotel_Manager,5,14,0
3251968,76,17,0,0,0,Geologist,9,11,0
4683990,33,9,0,0,1,Physician,9,11,0
1477651,50,15,0,0,0,Surveyor,8,13,0
5890358,43,4,0,0,0,Magistrate,4,13,0
6106749,43,9,0,0,0,Physician,9,13,0
6832550,53,20,0,0,1,Psychologist,13,11,0
333430,34,6,0,0,1,Army_officer,6,11,0
3729339,73,3,0,0,0,Biomedical_Engineer,3,14,0
6549582,31,7,0,0,1,Architect,7,11,1
4916345,73,8,0,0,1,Air_traffic_controller,8,12,1
8097242,43,1,0,1,1,Fashion_Designer,1,10,0
2359192,57,1,0,0,0,Chartered_Accountant,1,14,0
7462582,72,12,0,0,0,Chemical_engineer,12,10,0
117262,65,15,0,0,0,Biomedical_Engineer,12,12,0
2582515,27,14,0,0,1,Design_Engineer,14,13,0
6129612,42,13,0,1,0,Microbiologist,6,12,0
3662229,39,0,0,0,0,Civil_engineer,0,14,0
4140213,45,6,0,0,0,Flight_attendant,6,14,0
8669868,63,10,0,0,0,Surgeon,6,11,0
222070,21,19,0,0,0,Biomedical_Engineer,14,13,0
9768431,72,4,0,1,1,Engineer,4,14,0
6251533,50,16,0,0,1,Design_Engineer,4,11,0
1016509,42,12,0,0,0,Politician,10,13,0
4954873,46,19,0,0,0,Flight_attendant,5,13,0
2267190,52,15,0,0,0,Computer_operator,9,11,0
5082664,41,12,0,0,1,Police_officer,5,12,1
9241745,23,10,0,0,0,Web_designer,10,11,0
2822951,45,8,0,0,1,Fashion_Designer,8,14,0
853211,40,5,0,0,0,Civil_servant,5,10,0
9559493,77,3,0,0,0,Army_officer,3,13,0
2376301,49,17,0,1,0,Geologist,4,13,0
3711307,22,20,0,0,1,Eco0mist,10,12,1
1215004,25,5,0,0,0,Firefighter,5,10,0
1975710,42,3,0,0,1,Politician,3,11,0
5203541,30,17,0,0,0,Physician,8,13,0
9605668,25,17,0,0,1,Dentist,8,14,0
6986458,35,11,0,0,0,Librarian,8,14,0
8823581,27,15,0,0,0,Police_officer,10,12,0
7145203,44,6,0,1,1,Industrial_Engineer,3,14,0
1202104,69,4,0,0,1,Engineer,4,12,0
3159546,75,5,1,0,0,Librarian,3,13,0
4206929,73,8,0,0,0,Technical_writer,8,11,1
6019535,75,9,0,0,1,Surveyor,3,13,0
7172998,36,16,0,0,0,Dentist,9,13,0
6175598,49,18,0,0,1,Geologist,6,13,0
3623971,21,7,0,0,0,Magistrate,7,13,0
2024213,38,19,0,0,0,Comedian,8,14,1
3283513,25,17,1,1,0,Architect,4,13,0
1413733,25,2,0,0,1,Architect,2,14,0
7564205,36,10,0,0,0,Consultant,10,13,0
9500602,70,16,0,0,0,Firefighter,14,13,0
4360408,47,19,0,0,0,Industrial_Engineer,6,13,0
1108189,41,6,0,0,0,Artist,6,10,0
5809456,72,16,0,0,1,Comedian,4,10,0
9533689,61,6,1,0,0,Fashion_Designer,4,13,0
2721517,62,6,0,0,0,Statistician,6,10,0
4702825,59,8,0,0,0,Dentist,5,13,0
1112644,23,16,0,0,1,Official,6,10,1
7648698,68,16,0,0,1,Psychologist,13,10,0
8881776,49,13,0,0,0,Architect,13,12,0
9099029,64,9,1,0,1,Chartered_Accountant,7,10,0
7341279,50,0,0,0,0,Industrial_Engineer,0,11,0
1169151,61,17,0,0,0,Drafter,7,13,0
6389669,33,13,1,0,0,Chartered_Accountant,11,11,0
8141031,23,17,0,0,0,Secretary,3,11,0
7302729,70,14,0,0,0,Aviator,11,11,0
5421595,45,4,0,0,0,Air_traffic_controller,4,12,1
9104150,70,14,0,0,0,Tech0logy_specialist,11,10,0
1303925,57,11,0,0,0,Secretary,11,14,0
4588175,49,20,0,0,0,Secretary,6,11,0
1099947,48,0,0,0,0,Librarian,0,10,0
1990293,54,15,0,0,0,Web_designer,4,10,0
3306281,33,16,0,0,0,Engineer,8,12,1
8744579,34,3,1,0,1,Web_designer,3,12,0
9121364,70,18,0,0,0,Artist,3,11,0
1585215,64,9,0,0,0,Politician,9,10,0
1512050,70,7,0,0,0,Librarian,7,14,0
2707807,35,12,0,0,0,Civil_engineer,4,13,0
4279587,56,11,0,0,1,Chemical_engineer,11,10,0
445268,57,17,0,0,0,Technician,9,13,0
7767858,29,0,1,0,0,Physician,0,10,0
3548901,67,11,0,0,1,Web_designer,9,11,0
165198,77,8,0,0,1,Technical_writer,6,11,0
2598882,23,0,0,0,0,Scientist,0,14,0
4477660,30,0,1,0,1,Lawyer,0,14,0
4608251,59,0,0,0,0,Flight_attendant,0,10,0
5101498,55,0,1,0,0,Artist,0,14,0
3423478,76,9,0,0,0,Computer_hardware_engineer,4,10,1
7536082,29,1,0,0,1,Fashion_Designer,1,11,0
166480,36,8,0,0,1,Police_officer,8,11,1
4758365,66,8,1,0,0,Software_Developer,8,11,0
3608658,70,18,0,0,0,Computer_operator,4,11,0
4112102,46,15,0,0,0,Chef,5,13,1
5831264,32,1,0,0,0,Consultant,1,11,0
7040268,47,19,0,0,1,Software_Developer,11,13,0
488193,71,18,0,0,0,Eco0mist,8,10,0
7338543,34,9,0,0,0,Microbiologist,3,12,0
2888327,52,19,0,0,1,Drafter,8,12,0
5386630,75,12,0,0,0,Microbiologist,10,11,0
3753805,68,0,0,0,0,Physician,0,13,0
5812529,46,2,0,0,1,Software_Developer,2,11,1
9422148,43,16,0,0,1,Computer_hardware_engineer,12,12,1
7673823,63,15,1,0,0,Army_officer,11,14,0
1832053,63,14,1,0,1,Secretary,7,14,0
6239581,38,8,0,0,1,Air_traffic_controller,8,13,1
9855166,72,5,1,0,1,Drafter,5,13,0
9044259,30,16,0,0,0,Flight_attendant,3,11,1
9241049,41,8,0,0,1,Eco0mist,6,13,0
9506949,49,14,0,0,1,Civil_servant,13,11,0
4593497,33,15,1,0,0,Biomedical_Engineer,8,14,0
5186187,76,2,0,0,0,Dentist,2,12,1
3069692,47,19,0,2,0,Software_Developer,5,11,0
1405890,34,2,0,1,0,Graphic_Designer,2,12,0
2774757,36,11,0,0,0,Civil_servant,10,11,0
3470076,44,15,0,0,0,Magistrate,11,12,1
52469,60,10,0,0,0,Statistician,5,10,0
9450206,53,1,0,0,0,Consultant,1,11,0
960205,66,16,0,0,0,Comedian,7,11,1
1117930,79,15,0,0,0,Drafter,9,12,1
5604044,44,0,0,0,0,Psychologist,0,13,0
96503,40,13,0,0,0,Flight_attendant,3,14,1
3019204,29,14,0,0,0,Surgeon,4,10,0
9043837,22,6,0,0,1,Tech0logy_specialist,6,12,0
1868963,73,16,0,0,1,Computer_hardware_engineer,7,12,0
5270510,50,17,0,0,0,Software_Developer,4,11,0
7529689,76,9,0,0,0,Army_officer,4,10,1
9420845,27,3,1,0,0,Chef,3,13,0
5152202,78,10,0,0,0,Design_Engineer,10,12,0
4388557,43,8,0,0,0,Geologist,7,13,0
229554,74,15,0,0,0,Web_designer,14,11,0
191830,45,9,0,0,0,Eco0mist,9,12,0
7303811,47,2,0,0,1,Geologist,2,11,0
7002478,38,20,1,0,0,Secretary,5,13,0
7910818,25,14,0,1,0,Graphic_Designer,10,10,0
2201763,70,15,0,0,0,Dentist,12,14,0
8973665,74,19,0,0,0,Psychologist,13,10,0
2968373,29,20,0,0,0,Chartered_Accountant,11,12,0
931078,57,19,0,0,0,Chartered_Accountant,13,14,0
7310808,41,15,1,0,0,Firefighter,3,14,0
1442794,35,20,1,0,0,Microbiologist,10,10,0
3528671,72,2,0,0,0,Politician,2,10,0
6875625,77,7,1,0,0,Surveyor,7,11,0
5532605,23,19,0,1,0,Statistician,6,14,0
5965136,36,15,0,0,0,Software_Developer,10,12,1
6410485,75,7,0,0,1,Artist,7,10,0
479199,57,18,0,0,0,Drafter,13,13,0
5557295,29,2,0,0,0,Politician,2,13,0
5623739,75,19,0,0,0,Computer_operator,9,12,0
7109627,74,20,0,2,1,Politician,14,14,0
275750,22,9,0,0,0,Army_officer,9,11,0
6338889,35,6,0,0,0,Librarian,6,14,0
7556569,72,6,0,0,0,Artist,6,11,0
2797997,30,10,0,0,0,Mechanical_engineer,8,13,0
3086136,60,9,0,0,0,Dentist,6,13,0
6550926,35,1,0,0,0,Physician,1,11,1
5354560,58,13,0,0,1,Hotel_Manager,5,13,1
6590010,41,13,0,0,0,Analyst,6,13,0
5643939,76,11,0,0,1,Secretary,3,11,0
2979441,44,7,1,0,1,Aviator,7,12,0
3890846,58,16,1,0,1,Police_officer,4,11,0
7677453,49,12,0,0,1,Financial_Analyst,3,11,0
5608121,52,7,0,0,0,Physician,7,14,1
7087601,68,4,0,0,0,Flight_attendant,4,12,0
6894156,53,4,0,0,0,Web_designer,4,10,0
9558695,35,11,0,0,0,Air_traffic_controller,6,12,0
1630476,65,3,0,0,0,Chef,3,10,0
1246172,63,9,0,0,1,Designer,5,13,0
8030487,62,3,0,0,0,Computer_operator,3,13,0
9493120,63,19,0,0,0,Hotel_Manager,12,11,0
9443163,45,20,0,0,0,Comedian,5,12,0
4642438,55,13,0,0,0,Drafter,13,14,1
7359458,29,3,0,0,0,Consultant,3,14,0
8136993,21,16,0,1,0,Artist,3,11,0
3487781,65,7,0,0,0,Politician,7,10,0
6851175,23,14,0,0,1,Firefighter,8,14,0
7394642,53,11,0,0,1,Police_officer,11,14,0
1896591,25,19,0,0,0,Firefighter,5,13,0
8419826,31,0,0,0,0,Geologist,0,14,1
1368608,65,13,0,0,0,Civil_servant,5,14,0
3734522,47,1,0,0,0,Surveyor,1,10,1
7235849,46,4,1,0,0,Lawyer,4,11,0
6747015,59,20,0,0,0,Air_traffic_controller,7,14,0
1209322,41,10,0,0,1,Politician,10,13,0
2018913,68,7,0,0,1,Web_designer,7,13,1
415914,52,6,0,0,0,Industrial_Engineer,6,14,0
8976828,58,10,0,0,1,Hotel_Manager,10,14,1
214045,54,14,0,0,0,Air_traffic_controller,3,10,0
2716709,36,9,0,0,0,Aviator,9,14,0
5994422,62,17,0,0,0,Architect,6,13,0
3437621,78,14,0,0,0,Eco0mist,3,10,0
8793461,53,18,0,0,0,Politician,8,10,0
6951975,54,3,0,0,1,Analyst,3,11,0
3829485,32,2,0,0,0,Civil_engineer,2,12,0
5415637,47,12,0,0,0,Chemical_engineer,12,14,0
5010356,74,8,0,0,0,Biomedical_Engineer,8,14,0
5098928,71,17,0,0,0,Lawyer,4,11,0
8030284,65,6,0,0,0,Civil_engineer,6,12,1
1755216,38,15,0,0,0,Hotel_Manager,11,13,0
2010564,71,16,0,0,1,Microbiologist,3,12,0
931235,71,0,0,0,0,Flight_attendant,0,13,0
221597,30,12,0,0,0,Librarian,12,10,0
8035749,64,16,0,0,0,Lawyer,10,11,0
3469231,42,12,0,0,0,Surgeon,12,14,0
989292,45,4,0,0,0,Design_Engineer,4,10,0
7532243,47,2,0,0,1,Chef,2,12,0
9809512,61,5,0,1,1,Industrial_Engineer,5,11,0
5002101,37,6,0,0,1,Biomedical_Engineer,6,14,0
3239090,68,17,0,1,0,Comedian,13,11,0
1014244,36,9,0,0,0,Designer,9,10,0
9412724,57,0,0,0,0,Consultant,0,14,0
8304718,78,0,0,0,0,Civil_servant,0,13,0
5238806,65,3,0,0,0,Police_officer,3,12,1
6440066,74,15,0,0,0,Technician,8,11,0
224204,51,9,0,2,0,Computer_hardware_engineer,8,10,0
7074289,37,1,1,0,0,Geologist,1,12,0
143036,29,4,0,0,0,Secretary,4,14,0
8631895,27,12,1,0,0,Secretary,7,14,0
5272729,28,17,0,0,0,Computer_operator,12,10,0
1288371,51,2,0,0,0,Air_traffic_controller,2,10,0
2329433,42,1,0,0,0,Surveyor,1,11,0
8796074,21,0,0,0,0,Hotel_Manager,0,14,0
6550448,77,7,0,0,1,Fashion_Designer,7,13,0
4701745,32,18,0,0,1,Tech0logy_specialist,11,14,0
1411158,42,11,0,1,1,Civil_engineer,6,13,0
9176670,69,12,0,0,0,Aviator,6,12,0
971966,79,10,0,0,1,Industrial_Engineer,5,12,0
6794531,68,20,0,0,0,Hotel_Manager,14,10,1
2174359,60,18,0,1,1,Financial_Analyst,11,10,0
9266153,67,14,0,0,0,Computer_hardware_engineer,9,11,0
972554,54,13,0,0,1,Comedian,13,12,1
476900,33,20,0,0,1,Firefighter,7,10,0
6991135,31,16,0,2,1,Fashion_Designer,11,11,0
1854968,27,19,0,0,0,Financial_Analyst,3,14,0
6174825,47,19,0,0,0,Engineer,6,14,0
7429005,69,2,1,0,0,Computer_hardware_engineer,2,13,0
2176235,50,10,0,0,0,Biomedical_Engineer,3,11,0
1746647,69,2,0,0,1,Secretary,2,13,0
40007,39,19,0,0,0,Chef,12,13,0
8025541,53,9,1,0,0,Chemical_engineer,7,14,0
215207,32,7,1,0,0,Lawyer,7,13,0
2636544,39,0,0,0,0,Computer_hardware_engineer,0,11,0
4505937,52,6,0,0,0,Petroleum_Engineer,6,14,0
1161425,45,14,0,0,0,Biomedical_Engineer,13,13,0
2513457,32,18,0,0,1,Petroleum_Engineer,9,10,0
1239373,64,4,0,0,0,Lawyer,3,12,0
1207390,43,4,0,0,0,Computer_operator,3,14,0
2037154,41,9,0,0,1,Aviator,6,14,0
1728444,66,10,0,0,1,Magistrate,10,13,0
267623,32,16,0,0,0,Lawyer,5,13,0
3026261,49,7,0,0,0,Tech0logy_specialist,7,14,0
9082033,57,9,0,0,0,Secretary,5,14,0
6911597,48,12,0,0,0,Microbiologist,4,13,0
6852832,44,10,0,0,0,Financial_Analyst,10,14,0
4306831,49,17,0,0,0,Biomedical_Engineer,6,12,0
7625659,51,6,0,0,0,Dentist,6,12,0
9211842,61,16,0,0,0,Computer_hardware_engineer,11,11,1
6268431,43,6,0,1,1,Technician,3,10,0
6165156,28,7,1,1,0,Chef,7,13,0
7962568,28,14,0,0,1,Engineer,5,13,0
8057748,46,6,0,0,1,Geologist,4,11,1
2442625,67,9,1,0,1,Firefighter,7,12,0
5899739,75,11,0,0,1,Civil_servant,3,12,0
1006338,67,1,0,0,1,Engineer,1,14,0
2579337,41,6,1,0,0,Chef,6,12,0
6145246,32,3,0,0,1,Fashion_Designer,3,14,0
4556669,50,2,0,0,1,Hotel_Manager,2,13,0
6443249,69,18,0,0,0,Firefighter,6,10,0
6372556,39,10,0,0,1,Graphic_Designer,3,13,0
4157390,34,17,1,0,0,Statistician,12,13,0
6389996,32,16,0,0,0,Biomedical_Engineer,7,11,0
7477502,28,14,0,0,0,Chartered_Accountant,11,10,0
127445,55,12,0,0,0,Scientist,12,11,0
6712260,72,10,0,0,0,Surgeon,3,11,0
4719877,74,15,0,0,0,Civil_servant,11,10,0
1944232,23,20,0,0,0,Fashion_Designer,14,13,0
1223133,68,6,0,2,0,Chartered_Accountant,6,10,0
5357215,52,8,0,0,1,Librarian,8,11,0
6381365,67,11,0,0,0,Surveyor,4,12,0
4273331,67,17,0,0,1,Surgeon,6,10,0
8371842,66,15,0,1,0,Comedian,4,11,1
1851974,67,8,0,0,0,Hotel_Manager,4,12,0
3657620,54,3,0,0,0,Flight_attendant,3,13,0
3654298,78,18,0,0,1,Industrial_Engineer,5,10,0
848556,70,6,0,0,1,Hotel_Manager,6,10,0
2615615,44,13,1,0,0,Web_designer,4,12,0
9897868,43,17,0,0,1,Surgeon,8,14,0
8105018,74,12,0,0,1,Civil_servant,11,10,0
892655,53,4,0,0,0,Web_designer,4,10,0
3019138,69,5,0,0,0,Graphic_Designer,5,10,0
749226,67,4,0,0,1,Hotel_Manager,4,10,0
2293119,46,11,0,0,1,Civil_servant,11,14,0
4408094,30,8,0,0,1,Petroleum_Engineer,4,10,0
4784462,60,19,1,0,1,Eco0mist,9,14,0
4655230,50,4,0,0,1,Biomedical_Engineer,4,10,0
2363748,36,13,1,0,0,Surgeon,7,10,0
753735,45,1,0,0,0,Lawyer,1,11,0
1618942,31,17,0,0,0,Magistrate,7,12,0
6621319,27,2,0,0,1,Politician,2,14,0
9339198,67,14,1,0,1,Hotel_Manager,11,14,0
736448,31,13,0,0,0,Industrial_Engineer,7,13,0
156398,69,10,0,0,1,Tech0logy_specialist,7,14,0
2157311,78,14,0,0,0,Chef,6,12,1
5364976,73,13,0,0,0,Artist,3,10,0
3191887,76,3,0,1,1,Psychologist,3,14,0
4816663,40,18,0,0,0,Architect,3,14,0
9777621,61,11,0,0,0,Physician,11,11,0
8623683,29,13,1,0,0,Artist,5,14,0
9362365,23,19,0,0,1,Firefighter,11,13,0
2218507,68,17,0,0,1,Drafter,7,10,0
5055002,48,1,0,0,0,Artist,1,11,0
4072094,39,9,0,0,0,Graphic_Designer,9,14,0
6197216,69,2,0,0,0,Analyst,2,13,0
5768112,52,3,0,1,0,Physician,3,11,0
2175522,64,1,0,0,0,Librarian,1,13,0
5093443,56,2,0,0,0,Architect,2,14,0
4375734,30,9,0,0,1,Air_traffic_controller,5,13,0
1259577,66,15,0,0,0,Eco0mist,3,10,0
5069739,40,1,0,0,0,Design_Engineer,1,11,0
7198404,29,19,0,1,1,Graphic_Designer,6,14,1
3361391,48,0,0,0,0,Politician,0,14,0
422892,59,7,0,0,1,Biomedical_Engineer,7,10,1
4356797,57,4,0,1,0,Architect,4,12,0
7098273,67,10,0,0,0,Chartered_Accountant,3,12,1
1356494,68,5,0,0,0,Politician,5,12,0
4707147,27,10,0,0,0,Secretary,4,10,0
5221691,42,17,0,0,0,Police_officer,4,14,0
5507871,72,5,1,0,1,Designer,5,10,0
9455042,33,20,0,0,0,Politician,10,12,1
6922312,40,19,0,0,1,Financial_Analyst,14,13,0
2310149,35,9,0,0,0,Air_traffic_controller,9,11,0
8087598,44,18,0,0,0,Chef,14,11,0
2491348,47,11,0,0,0,Artist,11,10,0
6258257,41,8,0,0,1,Lawyer,7,14,0
4949796,51,16,0,0,0,Secretary,8,12,0
726110,68,18,0,2,1,Software_Developer,10,13,0
2741381,35,17,0,0,0,Computer_operator,3,14,0
7831154,64,7,0,0,0,Statistician,7,14,0
9543987,50,13,0,0,0,Design_Engineer,11,14,0
9938741,79,4,0,0,1,Civil_servant,4,12,0
5128999,53,12,0,0,0,Designer,12,10,0
1900932,69,11,0,0,0,Mechanical_engineer,5,10,0
4703725,37,6,0,0,0,Biomedical_Engineer,6,10,0
8745080,55,18,0,0,1,Librarian,4,13,1
2408696,26,11,0,0,0,Graphic_Designer,11,11,0
9545124,29,2,0,0,1,Mechanical_engineer,2,11,0
4486618,31,6,0,2,1,Police_officer,6,10,0
2740278,65,4,0,0,0,Civil_engineer,4,10,0
3546473,39,5,0,0,1,Petroleum_Engineer,3,10,0
8006236,49,6,0,0,0,Secretary,6,10,0
6775535,60,20,0,0,0,Psychologist,7,14,0
7808637,65,13,1,0,0,Consultant,7,10,0
8306987,66,0,0,0,0,Statistician,0,12,0
4136252,79,12,1,0,1,Fashion_Designer,12,14,0
3777592,76,12,1,0,1,Eco0mist,4,10,0
2557871,55,14,0,0,1,Biomedical_Engineer,3,12,0
1614323,28,18,0,0,0,Secretary,6,14,0
991107,34,14,1,0,1,Designer,7,10,0
6686452,34,4,0,0,0,Flight_attendant,4,12,0
9789626,21,20,0,0,0,Eco0mist,4,13,1
8049089,60,18,0,0,0,Aviator,5,12,0
2875030,49,10,0,0,0,Designer,10,10,0
6064204,62,14,1,0,0,Lawyer,10,10,0
4054318,74,3,0,0,0,Web_designer,3,11,0
5969456,27,12,0,0,0,Analyst,10,14,0
2921004,47,4,0,0,1,Geologist,4,11,0
384314,57,7,0,0,0,Police_officer,3,12,0
2453112,34,6,0,0,0,Microbiologist,6,14,1
4879862,75,2,0,1,0,Computer_operator,2,12,0
3068781,27,17,0,0,1,Comedian,3,14,0
3679290,25,9,0,0,0,Psychologist,6,11,0
4508919,59,6,0,0,1,Artist,6,14,0
9676479,48,17,1,0,0,Analyst,14,14,0
2854227,57,3,0,0,0,Aviator,3,13,0
8448595,32,13,0,1,0,Financial_Analyst,3,13,0
6563024,34,2,0,0,0,Scientist,2,13,0
6104859,47,12,0,0,1,Surgeon,12,11,0
6907195,55,5,0,1,0,Police_officer,3,10,0
9253093,54,2,0,0,1,Secretary,2,12,1
9464966,67,14,0,2,1,Statistician,14,10,0
3346084,23,18,0,0,0,Web_designer,6,13,0
5472585,63,17,1,0,0,Computer_operator,6,11,0